train/causal_eval_ratio,train/rewards/format_reward,train/cuda_max_memory_allocated_gb,_step,train/all_wrong,train/completion_length,train/temporal_rewards,train/reward,_runtime,train/kl,train/causal_reward_std,train/step_compute_time_sec,train/causal_reward_mean,train/loss,train/grad_norm,train/all_correct,train/learning_rate,train/epoch,train/rewards/accuracy_reward,train/causal_reward_max,_timestamp,train/reward_std,train/global_step
0.25,1.0,60.150710582733154,0,0.0,186.83334350585938,0.3333333432674408,2.438281536102295,88.106879975,0.0005549900233745575,3.25,79.58273250400089,1.625,0.0,7.574877903457932,0.0,1e-06,0.000364963503649635,0.5,6.5,1776498508.8161275,1.7908570766448975,1
0.5,1.0,84.6827130317688,1,0.3333333333333333,257.25,0.6666666865348816,2.4097657203674316,163.545169768,0.0005740750348195434,3.488075017929077,68.613934335066,3.0,0.0,4.971914697590804,0.3333333333333333,9.999383162408303e-07,0.00072992700729927,0.5,6.5,1776498584.2545977,1.0344340801239014,2
0.0,1.0,85.34777641296387,2,0.3333333333333333,299.41668701171875,0.3333333432674408,1.9216554164886475,241.062583721,0.0005625194171443582,0.0,71.03064048103988,0.0,0.0,2.623791359910885,0.3333333333333333,9.997532801828658e-07,0.0010948905109489052,0.4166666865348816,0.0,1776498661.7721124,0.7082962989807129,3
1.0,1.0,85.34137964248657,3,0.3333333333333333,269.8333435058594,1.0,2.4111034870147705,319.401717055,0.0004923496162518859,2.384559392929077,71.81861550803296,2.761932373046875,0.0,2.2759583214949934,0.3333333333333333,9.99444937480985e-07,0.00145985401459854,0.5833333730697632,5.0,1776498740.1111228,0.7605259418487549,4
0.25,1.0,85.24956607818604,4,0.0,257.41668701171875,0.3333333432674408,2.8984375,396.16545459,0.0005949890473857522,1.5,70.27730647311546,0.75,0.0,3.9423058624874225,0.0,9.990133642141357e-07,0.0018248175182481751,0.5,3.0,1776498816.8749435,2.270336627960205,5
1.0,1.0,84.20025300979614,5,0.0,242.08334350585938,0.6666666865348816,3.7715365886688232,469.7606178,0.0006924529443494976,1.0650273561477661,67.11693763593212,1.100311279296875,0.0,3.637865954763409,0.3333333333333333,9.98458666866564e-07,0.0021897810218978104,0.8333333730697632,2.015625,1776498890.4701247,1.6274861097335815,6
1.0,1.0,84.53901386260986,6,0.0,225.5,0.3333333432674408,3.5023438930511475,539.893867421,0.0009025169420056045,3.9562528133392334,63.66692427895032,5.0390625,0.0,4.44370063259072,0.3333333333333333,9.9778098230154e-07,0.0025547445255474453,0.6666666865348816,9.5,1776498960.603408,2.151794910430908,7
0.75,1.0,84.92097473144531,7,0.0,251.58334350585938,0.6666666865348816,3.427734375,616.4254935,0.0008432092145085335,2.409832239151001,70.08138740179129,3.1875,0.0,3.363747497187081,0.0,9.969804777275898e-07,0.00291970802919708,0.6666666865348816,5.5,1776499037.13504,2.069749355316162,8
1.0,1.0,84.71574544906616,8,0.0,250.4166717529297,1.0,3.90625,691.87907021,0.0007973527535796165,1.0873323678970337,68.96326989121735,4.5625,0.0,3.966953670474006,1.0,9.960573506572389e-07,0.0032846715328467154,1.0,5.5,1776499112.5885353,0.8351188898086548,9
1.0,1.0,84.52410745620728,9,0.0,275.25,0.3333333432674408,3.4964845180511475,772.913746682,0.001025838078930974,1.8874585628509521,74.51491152285598,8.375,0.0,3.35980844519696,0.3333333333333333,9.950118288582787e-07,0.0036496350364963502,0.5,10.0,1776499193.6231792,1.6492118835449219,10
1.0,1.0,84.60787582397461,10,0.0,252.25,1.0,3.455289840698242,845.748603077,0.0011793851153925061,3.4034295082092285,66.37606794806197,7.25,0.0,3.1681467686991636,0.6666666666666666,9.938441702975689e-07,0.0040145985401459855,0.75,10.0,1776499266.4580476,1.0692209005355835,11
0.0,1.0,84.44465780258179,11,0.3333333333333333,247.5,1.0,2.6949870586395264,924.64578854,0.0011636841809377074,0.0,72.40294260089286,0.0,0.0,2.6397307033920265,0.3333333333333333,9.925546630773868e-07,0.004379562043795621,0.5,0.0,1776499345.355273,0.7924951314926147,12
1.0,1.0,85.12662029266357,12,0.0,261.8333435058594,1.0,3.1805503368377686,999.344806384,0.0015116850845515728,1.1862314939498901,68.24214507406577,2.2890625,0.0001,4.58823743605843,0.6666666666666666,9.911436253643443e-07,0.004744525547445255,0.75,3.5,1776499420.0542922,1.5772929191589355,13
0.75,1.0,84.44420909881592,13,0.0,247.1666717529297,1.0,2.6639182567596436,1074.501987203,0.0018212329596281052,1.327420949935913,68.69631518982351,1.07208251953125,0.0001,4.952379674262254,0.3333333333333333,9.89611405310883e-07,0.0051094890510948905,0.6666666865348816,2.75,1776499495.2115235,1.1880226135253906,14
0.5,1.0,84.73936653137207,14,0.0,238.25,0.6666666865348816,6.008334159851074,1145.333639311,0.00260175671428442,4.349329471588135,64.37287572096102,3.75,0.0001,2.651192239170625,0.6666666666666666,9.879583809693736e-07,0.005474452554744526,0.8333333730697632,8.0,1776499566.0431554,0.949999988079071,15
0.5,1.0,84.60642290115356,15,0.0,245.33334350585938,1.0,3.225651264190674,1216.788882201,0.002621603198349476,2.358110189437866,65.0110166890081,1.630859375,0.0001,3.7299886422105604,0.3333333333333333,9.861849601988383e-07,0.00583941605839416,0.75,5.0,1776499637.4983568,2.0130577087402344,16
1.0,1.0,84.7243971824646,16,0.0,230.1666717529297,1.0,5.044270992279053,1287.208720078,0.002555121900513768,3.6969776153564453,63.994573884876445,5.015625,0.0001,5.030074145116454,0.6666666666666666,9.842915805643156e-07,0.0062043795620437955,0.8333333730697632,10.0,1776499707.9181314,1.9841835498809814,17
0.5,1.0,85.01730155944824,17,0.3333333333333333,252.75,0.6666666865348816,1.9346355199813843,1362.226426709,0.0036168040242046118,1.3184621334075928,68.57287055882625,1.12890625,0.0001,3.140457961064401,0.0,9.82278709228899e-07,0.006569343065693431,0.3333333432674408,2.5,1776499782.9359658,1.12471604347229,18
1.0,1.0,84.27979278564453,18,0.0,253.25,1.0,3.1778039932250977,1441.072766429,0.003495600773021579,1.420987606048584,72.3851312911138,2.953125,0.0001,3.4731886405483645,1.0,9.801468428384716e-07,0.006934306569343066,1.0,4.5,1776499861.7822478,0.6846795082092285,19
0.0,1.0,85.29560899734497,19,0.3333333333333333,305.5833435058594,1.0,3.2964847087860107,1529.811812959,0.003308788873255253,0.0,82.25491796596907,0.0,0.0001,4.826905161471075,0.6666666666666666,9.77896507399165e-07,0.0072992700729927005,0.6666666865348816,0.0,1776499950.5212371,0.7432142496109009,20
1.0,1.0,84.74826908111572,20,0.0,292.25,0.6666666865348816,2.8250815868377686,1608.09202118,0.0037987371906638145,1.317105770111084,71.79955703602172,2.09033203125,0.0002,3.434709907212549,0.3333333333333333,9.755282581475767e-07,0.007664233576642336,0.75,3.5,1776500028.8014638,1.232604742050171,21
0.75,1.0,84.7248477935791,21,0.0,251.25,1.0,2.984236717224121,1680.521173927,0.0057241059839725494,1.1156845092773438,65.99052991089411,0.87548828125,0.0002,5.189742414523904,0.3333333333333333,9.730426794137726e-07,0.008029197080291971,0.75,2.5,1776500101.2306845,1.627699613571167,22
1.0,1.0,85.34783935546875,22,0.0,286.25,1.0,4.115226745605469,1758.707315674,0.004266562405973673,3.6499314308166504,71.71435815491714,2.762451171875,0.0002,2.896204183152065,0.6666666666666666,9.704403844771127e-07,0.008394160583941606,0.9166666865348816,8.0,1776500179.416744,1.8123692274093628,23
1.0,1.0,84.10683155059814,23,0.0,262.8333435058594,0.6666666865348816,3.813493251800537,1835.372805187,0.004566009622067213,3.037954330444336,70.19385373592377,7.375,0.0002,6.5798310279911405,0.6666666666666666,9.677220154149337e-07,0.008759124087591242,0.75,10.0,1776500256.0822039,1.1782619953155518,24
1.0,1.0,84.16875743865967,24,0.0,217.1666717529297,0.3333333432674408,3.021549701690674,1906.848005074,0.006024165078997612,0.4576984941959381,65.05666855117306,1.654296875,0.0002,4.7483984904945675,0.3333333333333333,9.648882429441256e-07,0.009124087591240875,0.75,2.015625,1776500327.557523,1.1607085466384888,25
1.0,1.0,85.21802139282227,25,0.0,262.0,1.0,3.656477928161621,1984.530053476,0.007851989939808846,1.041224479675293,71.20174482697621,1.1787109375,0.0003,3.3610975943718753,0.6666666666666666,9.619397662556433e-07,0.00948905109489051,0.8333333730697632,2.5,1776500405.2394698,1.2747505903244019,26
0.5,1.0,84.4619140625,26,0.0,241.83334350585938,0.6666666865348816,2.728776454925537,2052.205773335,0.006581506691873074,0.9700407385826111,61.23145032604225,0.76953125,0.0003,5.961671686294097,0.3333333333333333,9.588773128419905e-07,0.009854014598540146,0.6666666865348816,2.015625,1776500472.9153173,1.407597303390503,27
0.25,1.0,85.24308919906616,27,0.0,270.16668701171875,0.6666666865348816,2.3148956298828125,2130.429597357,0.0048057991079986095,2.0,71.75634483899921,1.0,0.0002,3.0047654590584822,0.3333333333333333,9.557016383177225e-07,0.010218978102189781,0.5833333730697632,4.0,1776500551.1391754,1.3046112060546875,28
1.0,1.0,85.01629638671875,28,0.0,287.41668701171875,0.6666666865348816,3.934831142425537,2207.222917968,0.006953537464141846,1.0404298305511475,70.2988299059216,2.568359375,0.0003,2.607585483608072,0.6666666666666666,9.524135262330098e-07,0.010583941605839416,0.9166666865348816,4.0,1776500627.932336,1.2539297342300415,29
0.75,1.0,84.25683355331421,29,0.0,221.75,0.3333333432674408,3.3209731578826904,2277.235800446,0.009093040600419044,2.901149272918701,63.58552337996662,3.75,0.0004,3.9342242867000996,0.0,9.490137878803078e-07,0.010948905109489052,0.6666666865348816,7.0,1776500697.9452293,2.1320598125457764,30
1.0,1.0,85.25578546524048,30,0.0,252.75,1.0,4.907422065734863,2356.447178622,0.011458884924650192,0.0,72.75026752101257,10.0,0.0005,3.658591384004933,0.3333333333333333,9.455032620941839e-07,0.011313868613138687,0.75,10.0,1776500777.1567392,1.4160298109054565,31
0.25,1.0,85.15065908432007,31,0.0,282.0833435058594,0.6666666865348816,2.9843101501464844,2435.140873616,0.008104514330625534,0.76171875,72.23168046493083,0.380859375,0.0003,3.12499302702429,0.3333333333333333,9.418828150443468e-07,0.01167883211678832,0.5833333730697632,1.5234375,1776500855.850302,1.3586962223052979,32
1.0,1.0,85.28529596328735,32,0.0,283.16668701171875,1.0,4.342187881469727,2511.021195894,0.007860684767365456,3.326033592224121,69.41894731600769,5.125,0.0003,3.2077677359813657,0.6666666666666666,9.381533400219317e-07,0.012043795620437956,0.9166666865348816,10.0,1776500931.730732,1.8804728984832764,33
1.0,1.0,85.35697507858276,33,0.0,254.6666717529297,0.6666666865348816,4.802994728088379,2589.077928548,0.009662633761763573,3.246129035949707,71.5154318891,4.5390625,0.0004,3.734104909596206,0.6666666666666666,9.343157572190956e-07,0.012408759124087591,0.9166666865348816,8.0,1776501009.7873316,1.8020622730255127,34
1.0,1.0,85.16540670394897,34,0.0,298.8333435058594,1.0,3.599560499191284,2670.710502031,0.007879085838794708,0.203125,75.1422332120128,0.9609375,0.0003,2.6308438179313582,0.6666666666666666,9.303710135019717e-07,0.012773722627737226,0.9166666865348816,1.0625,1776501091.4200466,1.088894009590149,35
0.75,1.0,84.71083211898804,35,0.0,270.75,1.0,2.909196376800537,2747.573718931,0.010856795124709606,4.785799503326416,70.39662366895936,2.85205078125,0.0004,6.313097041706681,0.3333333333333333,9.26320082177046e-07,0.013138686131386862,0.6666666865348816,10.0,1776501168.283166,1.890995979309082,36
0.0,1.0,84.7155179977417,36,0.3333333333333333,284.25,0.6666666865348816,3.4384765625,2823.730811608,0.011103147640824318,0.0,69.67482884088531,0.0,0.0004,2.5168020086808287,0.3333333333333333,9.221639627510075e-07,0.013503649635036497,0.5833333730697632,0.0,1776501244.44031,1.413570761680603,37
0.5,1.0,85.14767646789551,37,0.0,281.5833435058594,0.6666666865348816,4.165104389190674,2901.96492624,0.012372399680316448,5.773502349853516,71.77854687883519,5.0,0.0005,4.281200130190019,0.3333333333333333,9.179036806841351e-07,0.013868613138686132,0.6666666865348816,10.0,1776501322.6743295,2.8946826457977295,38
1.0,1.0,84.78492307662964,38,0.0,286.25,0.6666666865348816,3.7080435752868652,2982.279250992,0.013537488877773285,2.1746647357940674,73.84891786798835,8.125,0.0005,4.931242240390899,0.6666666666666666,9.135402871372808e-07,0.014233576642335766,0.75,10.0,1776501402.988627,1.1578483581542969,39
1.0,1.0,85.29160690307617,39,0.0,309.5833435058594,1.0,5.247461318969727,3059.015112713,0.010386168025434017,2.3514750003814697,70.26103747007437,3.630859375,0.0004,11.905874196472357,0.6666666666666666,9.090748587125117e-07,0.014598540145985401,0.9166666865348816,7.0,1776501479.7245479,1.2551836967468262,40
0.75,1.0,85.22597742080688,40,0.0,326.16668701171875,0.6666666865348816,3.5854086875915527,3138.163780628,0.011553670279681683,2.1209769248962402,72.69197792885825,1.644775390625,0.0005,3.789803556373533,0.6666666666666666,9.045084971874737e-07,0.014963503649635036,0.9166666865348816,4.5,1776501558.873167,1.2514690160751343,41
0.75,1.0,84.37801122665405,41,0.3333333333333333,272.5833435058594,1.0,3.2115886211395264,3217.276405916,0.01333789061754942,4.898979663848877,72.6235636761412,6.0,0.0005,4.2406194151784815,0.3333333333333333,8.998423292435453e-07,0.015328467153284672,0.5833333730697632,10.0,1776501637.9858751,1.2672336101531982,42
0.75,1.0,84.44323301315308,42,0.0,242.5,1.0,4.592187881469727,3291.937344058,0.018436897546052933,4.922313213348389,68.23806816898286,7.375,0.0007,3.489471584292255,0.0,8.950775061878452e-07,0.015693430656934307,0.75,10.0,1776501712.6467593,2.825399398803711,43
1.0,1.0,85.06006383895874,43,0.0,258.41668701171875,1.0,4.177490234375,3369.546659722,0.01368107832968235,1.2659507989883423,71.12690027197823,2.21142578125,0.0005,3.201596406914735,1.0,8.902152036691648e-07,0.016058394160583942,1.0,3.0,1776501790.2561285,0.7987892627716064,44
0.75,1.0,84.76409864425659,44,0.0,261.91668701171875,1.0,4.8900556564331055,3444.482308084,0.017878536134958267,4.7169904708862305,68.50786024192348,6.75,0.0007,4.3406869355415045,0.6666666666666666,8.852566213878946e-07,0.016423357664233577,0.9166666865348816,10.0,1776501865.1918466,1.7364575862884521,45
1.0,1.0,84.99546813964844,45,0.0,261.16668701171875,1.0,5.414706230163574,3522.029702219,0.017438339069485664,1.603629231452942,71.08074729493819,2.313232421875,0.0007,3.7426421190551484,1.0,8.802029828000155e-07,0.016788321167883213,1.0,4.0,1776501942.7391484,1.2043185234069824,46
0.75,1.0,84.48990440368652,46,0.0,256.0833435058594,1.0,5.1569013595581055,3598.461596522,0.012413349002599716,5.0,69.94087559194304,7.5,0.0005,3.345894381497981,0.6666666666666666,8.750555348152298e-07,0.017153284671532848,0.9166666865348816,10.0,1776502019.1711128,1.8908965587615967,47
1.0,1.0,84.85592889785767,47,0.0,299.41668701171875,1.0,5.42734432220459,3679.726308602,0.020122990012168884,4.1949076652526855,74.77472387300804,6.6640625,0.0008,3.754145795610623,0.6666666666666666,8.698155474893049e-07,0.017518248175182483,0.8333333730697632,10.0,1776502100.435873,1.978849172592163,48
1.0,1.0,85.36691427230835,48,0.0,276.75,1.0,3.8634767532348633,3759.545843337,0.015473677776753902,3.4654366970062256,73.33450623601675,6.255859375,0.0006,3.5970373060819303,0.6666666666666666,8.644843137107057e-07,0.017883211678832115,0.75,9.5,1776502180.255335,1.3999757766723633,49
0.5,1.0,84.96346473693848,49,0.0,307.0833435058594,0.6666666865348816,3.6852376461029053,3839.262587926,0.019674455747008324,1.9492073059082031,73.24039266793989,1.08642578125,0.0008,3.547144217722396,0.3333333333333333,8.590631488815943e-07,0.01824817518248175,0.6666666865348816,4.0,1776502259.972029,2.2198703289031982,50
1.0,1.0,84.64373826980591,50,0.0,273.75,0.6666666865348816,3.778581142425537,3918.359430567,0.026079852133989334,1.9364917278289795,72.61703359987587,7.25,0.001,3.1405358308711393,0.3333333333333333,8.535533905932737e-07,0.018613138686131386,0.75,9.0,1776502339.0689018,1.4621450901031494,51
1.0,1.0,84.78014039993286,51,0.0,291.91668701171875,1.0,4.814404487609863,3998.497754333,0.026598908007144928,2.7954509258270264,73.64933321299031,3.46142578125,0.0011,3.2226581103017526,0.6666666666666666,8.47956398296157e-07,0.01897810218978102,0.8333333730697632,7.0,1776502419.207155,2.0048251152038574,52
0.75,1.0,84.54197645187378,52,0.0,286.5833435058594,0.6666666865348816,5.212500095367432,4078.24177832,0.020633725449442863,3.0276503562927246,73.28009964711964,4.5,0.0008,4.199425931674704,0.6666666666666666,8.422735529643443e-07,0.019343065693430656,0.9166666865348816,6.5,1776502498.9512897,1.448143720626831,53
0.25,1.0,84.7478551864624,53,0.0,310.91668701171875,0.3333333432674408,2.855940580368042,4158.316731198,0.022081268951296806,4.5,73.59285760903731,2.25,0.0009,3.2526689387488523,0.3333333333333333,8.365062567548867e-07,0.01970802919708029,0.6666666865348816,9.0,1776502579.0261834,1.5770299434661865,54
0.75,1.0,85.31766176223755,54,0.0,257.5,0.3333333432674408,3.0602376461029053,4242.372237406,0.029972311109304428,3.9157800674438477,77.59227378596552,5.0,0.0012,3.712111735902209,0.0,8.306559326618259e-07,0.020072992700729927,0.5,9.0,1776502663.081713,2.0489001274108887,55
1.0,1.0,84.27839851379395,55,0.0,262.5,1.0,5.7949628829956055,4319.396770647,0.020911000669002533,2.1746647357940674,70.54819147498347,8.125,0.0008,2.7803062410196895,1.0,8.247240241650917e-07,0.020437956204379562,1.0,10.0,1776502740.1062002,0.7336069941520691,56
0.75,1.0,84.64374113082886,56,0.0,284.5833435058594,1.0,3.997591495513916,4399.02359411,0.01716502755880356,4.327720642089844,73.14208590309136,4.875,0.0007,3.124293656134395,0.3333333333333333,8.187119948743449e-07,0.020802919708029197,0.8333333730697632,10.0,1776502819.7329912,1.8419541120529175,57
1.0,1.0,84.71601343154907,57,0.0,246.25,1.0,5.088151454925537,4473.042451603,0.024746835231781006,1.5545631647109985,67.60431007295847,7.75,0.001,5.829969328998692,1.0,8.126213281678526e-07,0.021167883211678833,1.0,9.0,1776502893.7518756,0.6041287183761597,58
1.0,1.0,85.58841705322266,58,0.3333333333333333,337.0,1.0,2.8924479484558105,4555.607453533,0.02460106834769249,3.949665069580078,76.07449881499633,5.5390625,0.001,2.4001581979224818,0.3333333333333333,8.064535268264883e-07,0.021532846715328468,0.5,9.5,1776502976.3168871,1.262758731842041,59
0.5,1.0,85.25782442092896,59,0.3333333333333333,327.16668701171875,0.6666666865348816,2.5625,4642.416931358,0.023945145308971405,5.773502349853516,80.32199276494794,5.0,0.001,4.308711692696056,0.0,8.00210112662942e-07,0.021897810218978103,0.3333333432674408,10.0,1776503063.126412,1.805196762084961,60
0.25,1.0,85.39339256286621,60,0.0,324.0,0.0,2.218571186065674,4724.749371328,0.027203060686588287,4.0,75.84415814396925,2.0,0.0011,3.9185810961446856,0.0,7.938926261462365e-07,0.02226277372262774,0.3333333432674408,8.0,1776503145.458831,2.2114763259887695,61
1.0,1.0,85.58166217803955,61,0.0,318.75,1.0,4.682568550109863,4813.985930074,0.02029026299715042,2.0039024353027344,82.73173811589368,5.5625,0.0008,3.3267307810873907,0.6666666666666666,7.875026260216393e-07,0.022627737226277374,0.9166666865348816,8.5,1776503234.6953917,1.5729565620422363,62
1.0,1.0,84.97988557815552,62,0.0,260.16668701171875,0.6666666865348816,3.073698043823242,4885.0714717,0.01852683536708355,1.7123935222625732,64.63892180798575,4.0625,0.0007,4.638033778472061,0.6666666666666666,7.810416889260653e-07,0.022992700729927006,0.75,6.5,1776503305.7809103,0.9308642148971558,63
1.0,1.0,84.96858930587769,63,0.0,300.8333435058594,1.0,5.113924026489258,4962.888098398,0.032876282930374146,4.478758335113525,71.35621183202602,6.515869140625,0.0013,3.1731049055710017,0.6666666666666666,7.745114089990659e-07,0.02335766423357664,0.9166666865348816,10.0,1776503383.5975487,1.0592420101165771,64
1.0,1.0,85.57338762283325,64,0.0,271.75,0.6666666865348816,3.975651264190674,5042.215722822,0.02797899767756462,3.6142079830169678,72.85005927691236,6.875,0.0011,4.869908204329374,0.3333333333333333,7.679133974894982e-07,0.023722627737226276,0.6666666865348816,10.0,1776503462.9253068,2.506359100341797,65
0.5,1.0,84.39248943328857,65,0.3333333333333333,282.0833435058594,0.6666666865348816,2.8455729484558105,5119.373279557,0.019904961809515953,5.632864952087402,70.65551841398701,4.875,0.0008,4.427183014537462,0.3333333333333333,7.612492823579744e-07,0.02408759124087591,0.5,10.0,1776503540.082704,1.289242148399353,66
1.0,1.0,85.86117124557495,66,0.0,311.75,1.0,4.33984375,5202.867391876,0.02698141150176525,3.589388132095337,77.00376613996923,3.9140625,0.0011,3.032065944051089,0.6666666666666666,7.545207078751857e-07,0.024452554744525547,0.75,9.0,1776503623.5768297,2.029364585876465,67
0.5,1.0,84.58948993682861,67,0.0,266.3333435058594,1.0,3.1951987743377686,5277.324693887,0.033218204975128174,4.725815773010254,67.9795579588972,3.5,0.0013,3.5546462688838565,0.0,7.477293342162037e-07,0.024817518248175182,0.6666666865348816,10.0,1776503698.034109,2.064969778060913,68
1.0,1.0,85.23439121246338,68,0.0,308.91668701171875,0.6666666865348816,2.774869918823242,5355.470331825,0.022401083260774612,3.0199220180511475,71.67319589713588,4.505859375,0.0009,3.0144732736498434,0.3333333333333333,7.408768370508576e-07,0.025182481751824817,0.5833333730697632,8.0,1776503776.1799147,1.3045796155929565,69
0.5,1.0,84.88656854629517,69,0.0,278.8333435058594,1.0,4.099454879760742,5434.090984586,0.026977337896823883,1.9896456003189087,72.14861713792197,1.015869140625,0.0011,4.1878350327302245,0.6666666666666666,7.339649071302867e-07,0.025547445255474453,0.8333333730697632,4.0,1776503854.800506,1.0369820594787598,70
0.5,1.0,84.34802150726318,70,0.0,229.33334350585938,0.6666666865348816,5.460416793823242,5506.325130755,0.032077301293611526,4.75,65.79250969993882,3.625,0.0013,10.010769918013105,0.6666666666666666,7.269952498697734e-07,0.025912408759124088,0.8333333730697632,10.0,1776503927.0345914,1.262868881225586,71
1.0,1.0,84.69385051727295,71,0.0,300.5833435058594,1.0,5.100651264190674,5588.131556155,0.0294121652841568,0.0,75.31657358701341,10.0,0.0012,3.1849161437694806,0.6666666666666666,7.199695849279576e-07,0.026277372262773723,0.75,10.0,1776504008.8409514,0.7478770017623901,72
1.0,1.0,84.72390794754028,72,0.0,255.25,1.0,6.02734375,5663.236060115,0.0236591137945652,3.4134933948516846,68.6391641178634,5.5390625,0.0009,4.960332703679599,1.0,7.128896457825363e-07,0.02664233576642336,1.0,8.5,1776504083.9456415,1.3835567235946655,73
1.0,1.0,85.12168598175049,73,0.0,276.66668701171875,1.0,4.128767967224121,5739.79981424,0.032973047345876694,1.9696013927459717,70.10992447892204,1.685791015625,0.0013,4.560808630092748,1.0,7.057571793025544e-07,0.027007299270072994,1.0,4.5,1776504160.5092106,1.7280263900756836,74
0.75,1.0,85.57341766357422,74,0.0,266.66668701171875,0.6666666865348816,4.2963056564331055,5820.398640428,0.028886493295431137,1.913509726524353,74.10767844505608,2.50390625,0.0012,4.230172866196402,0.6666666666666666,6.985739453173902e-07,0.02737226277372263,0.9166666865348816,4.0,1776504241.108212,1.3026925325393677,75
0.75,1.0,84.52173709869385,75,0.0,251.9166717529297,1.0,4.491878509521484,5893.836833079,0.02406608685851097,5.0,67.005005603889,7.5,0.001,4.269201995179228,0.6666666666666666,6.913417161825449e-07,0.027737226277372264,0.9166666865348816,10.0,1776504314.5462646,2.0533998012542725,76
1.0,1.0,84.47396850585938,76,0.0,314.5833435058594,1.0,4.645833492279053,5970.369064159,0.020625224336981773,2.5,70.04540588194504,8.75,0.0008,3.6448375135238726,0.6666666666666666,6.840622763423391e-07,0.028102189781021896,0.8333333730697632,10.0,1776504391.0786355,1.3921267986297607,77
0.75,1.0,84.89278221130371,77,0.0,267.91668701171875,0.0,2.733463764190674,6048.017366254,0.036285921931266785,3.5474369525909424,71.17862032586709,3.015625,0.0015,30.33651180962811,0.0,6.767374218896286e-07,0.02846715328467153,0.6666666865348816,8.0,1776504468.7267966,1.5435909032821655,78
0.0,1.0,84.60128498077393,78,0.3333333333333333,258.91668701171875,0.3333333432674408,3.4208333492279053,6120.679021414,0.04121607542037964,0.0,66.21489646006376,0.0,0.0016,2.787324787232712,0.0,6.693689601226458e-07,0.028832116788321167,0.4166666865348816,0.0,1776504541.3885498,2.075404644012451,79
1.0,1.0,84.34801244735718,79,0.0,243.83334350585938,1.0,4.07858943939209,6195.313599288,0.041033223271369934,1.817707896232605,68.19463441311382,2.148681640625,0.0016,4.067546812111184,1.0,6.619587090990747e-07,0.029197080291970802,1.0,4.5,1776504616.0230963,1.2204053401947021,80
1.0,1.0,84.89963865280151,80,0.0,246.75,1.0,6.192317962646484,6267.526226778,0.03386354818940163,2.7742884159088135,65.7766775530763,5.12890625,0.0014,3.6574408661973865,1.0,6.545084971874736e-07,0.029562043795620437,1.0,8.5,1776504688.2356732,1.0630027055740356,81
0.75,1.0,84.87111234664917,81,0.0,296.0,1.0,5.740104675292969,6348.969384106,0.038517143577337265,4.7169904708862305,74.94327135803178,6.75,0.0015,3.7172118442729594,0.6666666666666666,6.470201626161519e-07,0.029927007299270073,0.9166666865348816,10.0,1776504769.6787462,1.432377815246582,82
1.0,1.0,84.63792705535889,82,0.0,247.0,0.6666666865348816,4.872917175292969,6423.038513609,0.02321259304881096,3.625,67.62830309197307,8.1875,0.0009,10.010651639523168,0.3333333333333333,6.394955530196147e-07,0.030291970802919708,0.6666666865348816,10.0,1776504843.7479784,2.6541666984558105,83
0.5,1.0,84.75760173797607,83,0.3333333333333333,290.0,1.0,2.3631510734558105,6504.095367724,0.03153465315699577,4.972842693328857,74.56813775096089,4.125,0.0013,2.3966238177919132,0.0,6.319365249826864e-07,0.030656934306569343,0.3333333432674408,10.0,1776504924.8048756,1.60506272315979,84
0.0,1.0,85.42547655105591,84,0.3333333333333333,343.16668701171875,1.0,3.5458333492279053,6585.123110957,0.023987233638763428,0.0,74.5668198519852,0.0,0.001,2.530157623541959,0.3333333333333333,6.243449435824276e-07,0.03102189781021898,0.5,0.0,1776505005.832583,1.3958330154418945,85
0.75,1.0,85.17517328262329,85,0.3333333333333333,259.3333435058594,1.0,4.02734375,6661.097326614,0.032299332320690155,5.079919338226318,69.49265667889267,4.6640625,0.0013,3.271752630639516,0.3333333333333333,6.167226819279527e-07,0.031386861313868614,0.5833333730697632,10.0,1776505081.8068256,1.3468432426452637,86
1.0,1.0,85.31805276870728,86,0.0,292.5833435058594,0.6666666865348816,5.145833492279053,6738.26260944,0.040072958916425705,0.25,70.69055410195142,9.875,0.0016,3.8205705779429975,0.6666666666666666,6.090716206982713e-07,0.031751824817518245,0.75,10.0,1776505158.9720762,1.5288379192352295,87
0.75,1.0,85.52645254135132,87,0.0,333.66668701171875,0.3333333432674408,3.545365810394287,6819.895472357,0.026704028248786926,4.396968841552734,75.14018371002749,5.0,0.0011,7.674006404650955,0.3333333333333333,6.013936476782561e-07,0.032116788321167884,0.75,10.0,1776505240.6050196,2.1472959518432617,88
1.0,1.0,84.94681119918823,88,0.3333333333333333,300.0,1.0,4.470833778381348,6909.880505964,0.024399936199188232,1.8874585628509521,83.50184891093522,8.625,0.001,3.4954251817538817,0.6666666666666666,5.936906572928624e-07,0.032481751824817516,0.6666666865348816,10.0,1776505330.5899343,0.6547833681106567,89
0.75,1.0,84.88706493377686,89,0.0,286.91668701171875,0.6666666865348816,4.214298725128174,6988.526756111,0.03331775963306427,5.0,72.17093570297584,7.5,0.0013,2.8409451768839027,0.3333333333333333,5.859645501397047e-07,0.032846715328467155,0.75,10.0,1776505409.2361672,2.481161117553711,90
1.0,1.0,84.99602699279785,90,0.0,265.25,1.0,4.8629560470581055,7062.502143824,0.042065586894750595,3.4649670124053955,67.5125500059221,3.884765625,0.0017,5.334524707118403,1.0,5.782172325201155e-07,0.03321167883211679,1.0,9.0,1776505483.211687,1.8061132431030273,91
1.0,1.0,85.26419448852539,91,0.0,276.8333435058594,1.0,4.656071186065674,7140.059020157,0.049152128398418427,2.015564441680908,71.09158905385993,5.125,0.002,3.745002876013971,1.0,5.704506159687913e-07,0.033576642335766425,1.0,8.0,1776505560.7685285,1.065795660018921,92
0.0,1.0,84.94631290435791,92,0.3333333333333333,279.0833435058594,0.3333333432674408,3.581510543823242,7216.485949925,0.048586707562208176,0.0,69.92588206799701,0.0,0.0019,2.6148012841411177,0.3333333333333333,5.626666167821521e-07,0.03394160583941606,0.5833333730697632,0.0,1776505637.1954465,1.4007104635238647,93
1.0,1.0,84.36681938171387,93,0.3333333333333333,249.4166717529297,1.0,4.741666793823242,7289.101399672,0.04492988437414169,3.570714235305786,66.17248918907717,7.25,0.0018,6.775679159005379,0.6666666666666666,5.548671555455225e-07,0.034306569343065696,0.6666666865348816,10.0,1776505709.81082,0.595119059085846,94
1.0,1.0,85.47050476074219,94,0.0,296.75,1.0,5.983333587646484,7366.470549801,0.02627241611480713,2.309401035308838,70.88704431988299,8.0,0.0011,3.400472451431401,1.0,5.470541566592572e-07,0.03467153284671533,1.0,10.0,1776505787.180073,1.5225367546081543,95
0.0,1.0,85.48116636276245,95,0.3333333333333333,324.5,0.3333333432674408,2.3006510734558105,7446.323321414,0.02974734827876091,0.0,73.3784761740826,0.0,0.0012,2.6079264619477303,0.3333333333333333,5.392295478639225e-07,0.035036496350364967,0.4166666865348816,0.0,1776505867.032746,0.7773377299308777,96
0.75,1.0,84.62747621536255,96,0.0,270.66668701171875,0.6666666865348816,5.66464900970459,7527.822253277,0.03355858847498894,3.175426483154297,75.02422125614248,4.25,0.0013,3.631157618844762,0.6666666666666666,5.313952597646567e-07,0.0354014598540146,0.9166666865348816,7.5,1776505948.531698,1.4006637334823608,97
1.0,1.0,85.35087871551514,97,0.0,321.16668701171875,1.0,5.369401454925537,7607.504077974,0.02384616993367672,2.598076105117798,73.16813101689331,7.75,0.001,3.5779304710069195,1.0,5.235532253548213e-07,0.03576642335766423,1.0,10.0,1776506028.2135282,1.0183846950531006,98
1.0,1.0,85.15015316009521,98,0.0,311.0833435058594,1.0,5.9875006675720215,7684.8756173,0.03496471792459488,0.5773502588272095,70.89708585012704,9.5,0.0014,34.893675007247175,1.0,5.157053795390641e-07,0.03613138686131387,1.0,10.0,1776506105.5850723,0.8583623766899109,99
0.75,1.0,84.29771900177002,99,0.0,238.08334350585938,1.0,6.010677337646484,7756.11666125,0.049821894615888596,3.2384986877441406,64.79234902514145,2.9140625,0.002,3.0931014071678087,0.6666666666666666,5.078536586559103e-07,0.0364963503649635,0.9166666865348816,7.0,1776506176.8261688,0.6917955279350281,100
0.25,1.0,85.18917608261108,100,0.0,320.0,0.6666666865348816,3.499910354614258,7988.034127001,0.027737272903323174,2.5,74.81053092493676,1.25,0.0011,6.219341476577552,0.6666666666666666,5e-07,0.03686131386861314,0.75,5.0,1776506408.743711,1.2352503538131714,101
1.0,0.9166666865348816,84.61737966537476,101,0.0,253.25,0.3333333432674408,4.704166889190674,8068.792801106,0.060630809515714645,0.0,74.29093727190048,10.0,0.0024,3.346715810516804,0.3333333333333333,4.921463413440898e-07,0.03722627737226277,0.6666666865348816,10.0,1776506489.5022254,1.6449453830718994,102
0.75,1.0,85.58166551589966,102,0.0,305.5,0.6666666865348816,3.6708333492279053,8151.547181202,0.04150407016277313,5.0,76.26355814700946,7.5,0.0017,3.462894975163617,0.0,4.842946204609359e-07,0.03759124087591241,0.5833333730697632,10.0,1776506572.2566662,2.1067590713500977,103
0.75,1.0,84.25537395477295,103,0.0,306.5,0.6666666865348816,4.175000190734863,8233.242710446,0.030586987733840942,4.102844715118408,75.20901118405163,5.0,0.0012,11.177490713641172,0.0,4.764467746451787e-07,0.03795620437956204,0.5833333730697632,10.0,1776506653.9521434,2.9216461181640625,104
1.0,1.0,85.38406085968018,104,0.0,314.8333435058594,1.0,4.155159950256348,8313.318399095,0.02240496128797531,4.168888092041016,73.60456746490672,3.47705078125,0.0009,2.935971700101301,0.6666666666666666,4.686047402353433e-07,0.03832116788321168,0.9166666865348816,9.5,1776506734.0279415,1.8272514343261719,105
1.0,1.0,84.91497755050659,105,0.3333333333333333,256.91668701171875,1.0,3.0301432609558105,8389.019871613,0.02715427242219448,2.209444999694824,69.23620456084609,3.755859375,0.0011,2.743508207141434,0.3333333333333333,4.6077045213607755e-07,0.03868613138686131,0.5833333730697632,6.5,1776506809.7293944,1.1161236763000488,106
1.0,1.0,84.61130332946777,106,0.0,255.6666717529297,1.0,5.326904773712158,8462.548191284,0.04755696281790733,3.2015621662139893,67.10568302194588,7.25,0.0019,5.791526388816191,0.6666666666666666,4.529458433407428e-07,0.03905109489051095,0.8333333730697632,10.0,1776506883.2577167,1.6540460586547852,107
0.25,1.0,84.96858215332031,107,0.0,310.75,0.6666666865348816,3.5516276359558105,8539.189161783,0.04134075343608856,5.0,70.168386900099,2.5,0.0017,5.585243681112095,0.3333333333333333,4.4513284445447734e-07,0.03941605839416058,0.5833333730697632,10.0,1776506959.8986065,2.5680418014526367,108
1.0,1.0,85.9920802116394,108,0.3333333333333333,285.5833435058594,1.0,4.483333587646484,8621.892320484,0.042795490473508835,0.0,76.19844347401522,10.0,0.0017,2.872074680812023,0.6666666666666666,4.3733338321784777e-07,0.03978102189781022,0.6666666865348816,10.0,1776507042.6017678,0.5147796869277954,109
0.0,1.0,84.926589012146,109,0.3333333333333333,286.5,0.6666666865348816,3.4234378337860107,8699.014972327,0.030320053920149803,0.0,70.64354212302715,0.0,0.0012,6.375001187573227,0.0,4.295493840312087e-07,0.040145985401459854,0.5,0.0,1776507119.7244337,1.8574981689453125,110
0.75,1.0,85.62131690979004,110,0.3333333333333333,323.8333435058594,0.6666666865348816,2.8677003383636475,8780.017414662,0.030938252806663513,4.573474407196045,74.51586624700576,5.25,0.0012,2.3651017651576147,0.3333333333333333,4.2178276747988444e-07,0.04051094890510949,0.5833333730697632,10.0,1776507200.7268958,1.127288818359375,111
0.5,1.0,85.51356506347656,111,0.0,346.5,1.0,4.498437881469727,8863.113776317,0.027101796120405197,2.309401035308838,76.58780302386731,2.0,0.0011,3.702864264168263,0.6666666666666666,4.1403544986029513e-07,0.040875912408759124,0.8333333730697632,4.0,1776507283.8233001,1.7950339317321777,112
0.25,1.0,84.87111568450928,112,0.0,270.0,1.0,3.2269046306610107,8939.018684646,0.04925381392240524,5.0,69.45018134615384,2.5,0.002,3.8324823607249687,0.3333333333333333,4.0630934270713755e-07,0.041240875912408756,0.5,10.0,1776507359.7281337,2.5257744789123535,113
1.0,1.0,84.15402221679688,113,0.3333333333333333,301.8333435058594,1.0,3.2956302165985107,9019.517366337,0.02916409634053707,0.6659895777702332,73.99306258605793,0.748779296875,0.0012,2.735811010891487,0.6666666666666666,3.9860635232174387e-07,0.041605839416058395,0.6666666865348816,1.5234375,1776507440.2268393,0.6077236533164978,114
1.0,1.0,85.12167978286743,114,0.0,285.16668701171875,0.6666666865348816,3.186588764190674,9100.448618681,0.031869739294052124,1.4490801095962524,74.43920392706059,2.51953125,0.0013,4.584533090006339,0.3333333333333333,3.909283793017288e-07,0.041970802919708027,0.5833333730697632,4.5,1776507521.158129,1.9850811958312988,115
0.75,1.0,84.5845594406128,115,0.3333333333333333,251.08334350585938,1.0,3.8625001907348633,9170.944915665,0.035985298454761505,1.9311050176620483,64.07277256599627,2.625,0.0014,2.1277372274537956,0.3333333333333333,3.8327731807204744e-07,0.042335766423357665,0.5833333730697632,4.5,1776507591.6544383,0.5262331962585449,116
1.0,1.0,85.32560062408447,116,0.0,296.75,1.0,5.842695236206055,9250.738978279,0.03337685763835907,3.0,73.30535624804907,8.5,0.0013,2.5737153521157046,1.0,3.7565505641757266e-07,0.0427007299270073,1.0,10.0,1776507671.4484105,0.8171595335006714,117
1.0,1.0,84.49040126800537,117,0.0,300.66668701171875,0.6666666865348816,4.35898494720459,9325.996776419,0.03177815303206444,3.350994825363159,68.77144657098688,7.375,0.0013,2.914717717513202,0.6666666666666666,3.6806347501731365e-07,0.043065693430656936,0.75,10.0,1776507746.70632,2.0660390853881836,118
1.0,1.0,84.64240503311157,118,0.0,274.91668701171875,1.0,4.762044906616211,9402.270190702,0.031191736459732056,2.3850133419036865,69.79439748008735,4.130859375,0.0012,11.176367665142985,1.0,3.605044469803854e-07,0.04343065693430657,1.0,7.0,1776507822.9795911,1.1217036247253418,119
0.25,1.0,84.29220914840698,119,0.0,279.66668701171875,1.0,2.9845378398895264,9480.376020105,0.047054141759872437,2.75,71.62696096696891,1.375,0.0019,5.114266359633322,0.6666666666666666,3.529798373838481e-07,0.043795620437956206,0.75,5.5,1776507901.0854497,1.3249621391296387,120
1.0,1.0,85.05930471420288,120,0.0,330.5833435058594,1.0,5.8000006675720215,9560.982718421,0.03236880898475647,0.64549720287323,74.12460796511732,3.25,0.0013,3.1630612784936347,1.0,3.454915028125263e-07,0.04416058394160584,1.0,4.0,1776507981.692139,0.6654089689254761,121
1.0,1.0,84.77050065994263,121,0.0,276.91668701171875,1.0,5.644010543823242,9646.445342668,0.04930972307920456,0.0,78.98128248285502,10.0,0.002,12.269465173664775,0.6666666666666666,3.3804129090092536e-07,0.04452554744525548,0.8333333730697632,10.0,1776508067.154908,1.3258459568023682,122
1.0,1.0,85.2911171913147,122,0.0,275.66668701171875,0.6666666865348816,4.3887128829956055,9728.08122674,0.02562835067510605,3.3961617946624756,75.13925366220064,6.75390625,0.001,4.002553273833491,0.3333333333333333,3.306310398773543e-07,0.04489051094890511,0.8333333730697632,10.0,1776508148.7906806,2.110368251800537,123
0.5,1.0,84.25039386749268,123,0.3333333333333333,221.25,0.6666666865348816,1.9301433563232422,9801.755315137,0.04464874416589737,1.4382269382476807,67.24236481194384,1.130859375,0.0018,6.068431563969619,0.0,3.232625781103715e-07,0.04525547445255475,0.25,3.0,1776508222.4647326,1.528485655784607,124
1.0,1.0,84.42670774459839,124,0.0,265.75,1.0,7.1875,9882.464700754,0.042249709367752075,1.75,74.21803463390097,9.125,0.0017,6.6862732704473995,1.0,3.15937723657661e-07,0.04562043795620438,1.0,10.0,1776508303.1741157,0.3301566541194916,125
1.0,1.0,85.2911319732666,125,0.0,298.5,0.6666666865348816,4.3741536140441895,9968.35421309,0.026942802593111992,2.729403018951416,79.39489081688225,2.794921875,0.0011,5.75763441562689,0.6666666666666666,3.086582838174551e-07,0.04598540145985401,0.9166666865348816,6.5,1776508389.0637665,1.5802897214889526,126
0.5,1.0,84.37106323242188,126,0.0,298.3333435058594,1.0,4.376988887786865,10048.082782193,0.03205793723464012,5.773502349853516,73.24353672517464,5.0,0.0013,10.082836676541309,0.6666666666666666,3.014260546826097e-07,0.04635036496350365,0.8333333730697632,10.0,1776508468.7922356,2.1288442611694336,127
1.0,1.0,84.29260063171387,127,0.0,270.5833435058594,1.0,6.130143642425537,10123.091503158,0.03500840812921524,2.6789119243621826,68.55284406011924,4.880859375,0.0014,5.927425606810799,1.0,2.942428206974456e-07,0.04671532846715328,1.0,7.5,1776508543.8009665,0.8880669474601746,128
1.0,1.0,85.08722972869873,128,0.0,297.8333435058594,0.6666666865348816,4.49365234375,10213.795978309,0.030130840837955475,1.6112010478973389,84.16564678493887,1.0869140625,0.0012,3.304317687854128,0.6666666666666666,2.8711035421746363e-07,0.04708029197080292,0.9166666865348816,3.5,1776508634.5054018,1.7261494398117065,129
1.0,1.0,85.48561668395996,129,0.3333333333333333,330.66668701171875,0.6666666865348816,3.596484661102295,10293.557022323,0.03465729579329491,3.25,73.28263150318526,8.375,0.0014,3.589096231038708,0.3333333333333333,2.800304150720424e-07,0.04744525547445255,0.5833333730697632,10.0,1776508714.2664707,1.096068263053894,130
1.0,1.0,85.30190372467041,130,0.0,285.91668701171875,1.0,4.970198631286621,10374.92358145,0.042489539831876755,0.0,74.87931660190225,10.0,0.0017,5.4097235026904,1.0,2.730047501302266e-07,0.04781021897810219,1.0,10.0,1776508795.6331007,0.4846738278865814,131
1.0,1.0,84.45586585998535,131,0.0,246.6666717529297,1.0,5.879167079925537,10450.855716325,0.04791445657610893,2.8099524974823,69.48646322917193,7.625,0.0019,47.652610508867355,0.6666666666666666,2.6603509286971337e-07,0.04817518248175182,0.9166666865348816,10.0,1776508871.565151,1.4363511800765991,132
0.0,1.0,84.80200052261353,132,0.3333333333333333,303.8333435058594,0.6666666865348816,5.204166889190674,10536.166914424,0.029376845806837082,0.0,78.80353000992909,0.0,0.0012,1.5394711940805752,0.6666666666666666,2.591231629491423e-07,0.04854014598540146,0.6666666865348816,0.0,1776508956.8764572,0.07978560030460358,133
0.75,1.0,84.72393226623535,133,0.0,274.25,0.6666666865348816,4.71347713470459,10614.515373175,0.038660161197185516,4.787135601043701,71.85662965895608,6.25,0.0015,3.70810694537745,0.3333333333333333,2.5227066578379617e-07,0.04890510948905109,0.8333333730697632,10.0,1776509035.2248452,2.2548141479492188,134
1.0,1.0,84.44987297058105,134,0.0,249.08334350585938,1.0,4.543590545654297,10695.668329912,0.03826844319701195,1.0873323678970337,74.70684901089408,5.0625,0.0015,7.840484707687306,1.0,2.4547929212481435e-07,0.04927007299270073,1.0,6.5,1776509116.3778105,1.1427586078643799,135
0.0,1.0,84.20309352874756,135,0.3333333333333333,260.25,0.6666666865348816,3.373629093170166,10774.010372903,0.03715866431593895,0.0,71.84643671684898,0.0,0.0015,4.900505010176914,0.3333333333333333,2.387507176420256e-07,0.049635036496350364,0.5833333730697632,0.0,1776509194.7197978,1.9030587673187256,136
0.75,1.0,84.6588191986084,136,0.0,255.08334350585938,0.6666666865348816,4.609310150146484,10853.546931622,0.044271763414144516,4.4855241775512695,73.09226966509596,4.505859375,0.0018,4.401915368259311,0.3333333333333333,2.3208660251050156e-07,0.05,0.75,9.5,1776509274.2563066,1.9390209913253784,137
0.75,1.0,85.38454914093018,137,0.3333333333333333,312.0,1.0,4.391666889190674,10933.920009982,0.03735857829451561,5.0,73.87894788291305,7.5,0.0015,11.442928901397682,0.3333333333333333,2.2548859100093403e-07,0.050364963503649635,0.5833333730697632,10.0,1776509354.6295137,1.4542001485824585,138
1.0,1.0,84.57875633239746,138,0.0,289.0833435058594,1.0,5.521875381469727,11018.361084182,0.04523944854736328,0.0,77.92098560300656,10.0,0.0018,2.870370715996997,1.0,2.1895831107393482e-07,0.05072992700729927,1.0,10.0,1776509439.0705395,1.049589991569519,139
1.0,1.0,85.38410186767578,139,0.0,315.75,1.0,3.802490234375,11100.980951869,0.04199042171239853,2.5819876194000244,76.10081163002178,2.79931640625,0.0017,3.7582320358012,0.3333333333333333,2.1249737397836088e-07,0.051094890510948905,0.75,5.5,1776509521.690408,2.46759033203125,140
1.0,1.0,84.64808320999146,140,0.0,252.0,1.0,6.0089850425720215,11177.362229892,0.04484817385673523,3.8229103088378906,69.89136051898822,7.00390625,0.0018,5.170686159394044,1.0,2.0610737385376348e-07,0.05145985401459854,1.0,10.0,1776509598.0717356,1.6739933490753174,141
1.0,1.0,85.36424446105957,141,0.0,312.5833435058594,1.0,5.6407599449157715,11262.403068272,0.038927339017391205,2.555216073989868,78.53340046689846,2.6331329345703125,0.0016,2.085145942122438,1.0,1.9978988733705803e-07,0.051824817518248176,1.0,6.0,1776509683.1124969,1.1865081787109375,142
1.0,1.0,84.84426736831665,142,0.0,281.8333435058594,1.0,5.094547748565674,11339.740316626,0.03725790977478027,2.629955530166626,70.84927060105838,5.25,0.0015,16.58599540858197,1.0,1.9354647317351187e-07,0.05218978102189781,1.0,9.0,1776509760.4495778,1.7240912914276123,143
1.0,1.0,85.31287002563477,143,0.0,310.3333435058594,1.0,5.1541666984558105,11419.791164128,0.02848168835043907,1.5,73.53954103589058,9.25,0.0011,3.6831891697766204,0.6666666666666666,1.8737867183214756e-07,0.052554744525547446,0.8333333730697632,10.0,1776509840.5005987,1.7839488983154297,144
0.25,1.0,84.38309574127197,144,0.0,260.41668701171875,1.0,5.412499904632568,11493.024269874,0.05187312886118889,2.25,66.77590271900408,1.125,0.0021,5.665013132152351,0.6666666666666666,1.812880051256551e-07,0.05291970802919708,0.75,4.5,1776509913.7338302,0.7583333849906921,145
1.0,1.0,84.7747950553894,145,0.0,281.8333435058594,1.0,3.584505796432495,11571.037216944,0.03747902065515518,4.672741413116455,71.52874816814438,3.0312652587890625,0.0015,4.455909115908577,1.0,1.7527597583490823e-07,0.05328467153284672,1.0,10.0,1776509991.7466927,1.6959311962127686,146
1.0,1.0,85.77337503433228,146,0.3333333333333333,344.25,0.6666666865348816,3.4227378368377686,11655.475333222,0.026949360966682434,2.7386128902435303,77.9207220019307,4.5,0.0011,2.4966462550812625,0.6666666666666666,1.6934406733817413e-07,0.05364963503649635,0.6666666865348816,8.5,1776510076.184826,0.9211993217468262,147
1.0,1.0,84.87157773971558,147,0.0,258.3333435058594,0.6666666865348816,4.268392086029053,11733.240825323,0.04248185455799103,2.309401035308838,71.28274099901319,8.0,0.0017,4.179655726332291,0.3333333333333333,1.6349374324511346e-07,0.05401459854014599,0.75,10.0,1776510153.9502885,2.0403499603271484,148
0.0,1.0,84.72860860824585,148,0.6666666666666666,272.5833435058594,1.0,2.0500001907348633,11809.717263671,0.0430213026702404,0.0,70.04201317112893,0.0,0.0017,3.9686544982730516,0.0,1.5772644703565564e-07,0.05437956204379562,0.1666666716337204,0.0,1776510230.4267068,1.2124356031417847,149
1.0,1.0,85.29609632492065,149,0.0,341.5,1.0,5.4263834953308105,11895.426172747,0.027142083272337914,1.96875,79.22400136687793,2.046875,0.0011,3.265018984580705,1.0,1.5204360170384284e-07,0.05474452554744526,1.0,5.0,1776510316.1356754,0.9803177714347839,150
1.0,1.0,85.04990196228027,150,0.3333333333333333,262.8333435058594,0.3333333432674408,3.398179769515991,11971.343485915,0.04691058024764061,4.769673824310303,69.45344182802364,5.2500152587890625,0.0019,2.96939766265918,0.3333333333333333,1.4644660940672627e-07,0.05510948905109489,0.5833333730697632,10.0,1776510392.053104,1.8560948371887207,151
1.0,1.0,85.29557943344116,151,0.0,298.8333435058594,1.0,4.743945598602295,12048.969734642,0.03791109472513199,1.7795131206512451,71.15805024211295,5.5,0.0015,4.154045218128955,0.6666666666666666,1.4093685111840565e-07,0.05547445255474453,0.9166666865348816,7.0,1776510469.679255,1.7002592086791992,152
1.0,1.0,84.69386434555054,152,0.0,289.25,1.0,5.919011116027832,12130.593919773,0.04765160381793976,0.0,75.1293333589565,10.0,0.0019,1.6825598562791935,0.6666666666666666,1.3551568628929432e-07,0.05583941605839416,0.9166666865348816,10.0,1776510551.303377,0.563418984413147,153
1.0,1.0,85.08090353012085,153,0.0,315.91668701171875,1.0,5.699039459228516,12210.134861052,0.0394861176609993,0.0,73.02943614404649,10.0,0.0016,3.9684966884732678,1.0,1.3018445251069508e-07,0.05620437956204379,1.0,10.0,1776510630.8443277,0.9115810394287109,154
0.75,1.0,84.33299112319946,154,0.0,255.5,0.6666666865348816,3.8548178672790527,12289.303833596,0.0410594567656517,4.760951995849609,72.66912140301429,7.0,0.0016,5.126429265015252,0.0,1.249444651847702e-07,0.05656934306569343,0.5833333730697632,10.0,1776510710.0132613,2.574925661087036,155
0.25,1.0,84.99086999893188,155,0.0,275.8333435058594,1.0,4.130179405212402,12369.071190874,0.03972078859806061,4.25,73.27501915302128,2.125,0.0016,3.568223461087046,0.0,1.1979701719998454e-07,0.05693430656934306,0.5833333730697632,8.5,1776510789.7806652,3.0016636848449707,156
1.0,1.0,84.72391843795776,156,0.0,253.33334350585938,1.0,6.380143642425537,12446.582920832,0.04753884673118591,2.0564937591552734,71.03229543985799,8.125,0.0019,3.9468015975973083,1.0,1.1474337861210543e-07,0.0572992700729927,1.0,10.0,1776510867.2923424,1.0951714515686035,157
0.25,1.0,85.38404989242554,157,0.0,327.25,0.3333333432674408,3.469738006591797,12530.176303564,0.02856563590466976,5.0,77.0685038920492,2.5,0.0011,15.734294450349978,0.3333333333333333,1.097847963308351e-07,0.05766423357664233,0.6666666865348816,10.0,1776510950.8857222,2.1156764030456543,158
1.0,1.0,85.70980072021484,158,0.0,295.75,1.0,5.978808879852295,12613.998803991,0.05063788592815399,3.1370277404785156,77.31012444105,2.5478515625,0.002,2.8109960058475254,1.0,1.0492249381215478e-07,0.05802919708029197,1.0,7.0,1776511034.708236,0.8145046234130859,159
1.0,1.0,85.13215112686157,159,0.0,285.5833435058594,1.0,4.670833587646484,12693.935500567,0.03493613749742508,0.25,73.45826924289577,9.875,0.0014,3.7517079507510216,0.3333333333333333,1.0015767075645471e-07,0.058394160583941604,0.6666666865348816,10.0,1776511114.64497,1.9532368183135986,160
1.0,1.0,85.58884286880493,160,0.0,298.75,1.0,4.113232612609863,12779.571468259,0.03764628618955612,4.118574619293213,79.08326627500355,5.71142578125,0.0015,5.355741214054152,0.3333333333333333,9.549150281252632e-08,0.05875912408759124,0.75,10.0,1776511200.2809012,2.5085091590881348,161
0.25,1.0,84.68838167190552,161,0.0,288.5833435058594,1.0,4.1666669845581055,12861.273153347,0.04098014533519745,5.0,75.20506497006863,2.5,0.0016,3.753611937502235,0.0,9.092514128748818e-08,0.059124087591240874,0.5,10.0,1776511281.9826698,3.3319814205169678,162
0.75,1.0,84.60126447677612,162,0.3333333333333333,307.41668701171875,1.0,3.8984375,12942.406070055,0.03569367155432701,4.898979663848877,74.60607898794115,6.0,0.0014,2.5330433399030072,0.3333333333333333,8.645971286271903e-08,0.05948905109489051,0.5833333730697632,10.0,1776511363.1154826,1.6773786544799805,163
1.0,1.0,85.3640341758728,163,0.6666666666666666,309.25,1.0,2.8416666984558105,13022.082430107,0.03897639364004135,2.362907886505127,73.19695153296925,8.25,0.0016,2.340374579250714,0.3333333333333333,8.209631931586497e-08,0.059854014598540145,0.3333333432674408,10.0,1776511442.7919319,0.42720016837120056,164
1.0,1.0,85.18353652954102,164,0.0,276.5,1.0,4.975976943969727,13104.773913464,0.05052493140101433,2.6683194637298584,76.20026837615296,4.505859375,0.002,4.669044768576113,0.6666666666666666,7.783603724899257e-08,0.060218978102189784,0.8333333730697632,7.0,1776511525.483486,2.1573703289031982,165
1.0,1.0,84.67631578445435,165,0.0,270.5,1.0,4.855794429779053,13182.342897019,0.039093561470508575,2.75,71.09765633195639,5.375,0.0016,4.170137395062511,0.6666666666666666,7.36799178229539e-08,0.060583941605839416,0.9166666865348816,9.0,1776511603.0524244,1.8587374687194824,166
1.0,1.0,85.33339071273804,166,0.0,319.0,1.0,5.025081634521484,13264.29602245,0.028497664257884026,0.5,75.43237927695736,9.75,0.0011,3.2831594228696845,1.0,6.962898649802822e-08,0.060948905109489054,1.0,10.0,1776511685.0055072,0.7599438428878784,167
0.0,1.0,84.44179248809814,167,0.3333333333333333,278.3333435058594,1.0,5.0,13348.038927183,0.03734713792800903,0.0,77.24689950887114,0.0,0.0015,4.608871538131922,0.6666666666666666,6.568424278090445e-08,0.061313868613138686,0.6666666865348816,0.0,1776511768.7483673,0.3220084309577942,168
0.25,1.0,85.54557275772095,168,0.0,332.5833435058594,1.0,4.958333492279053,13432.806143217,0.04000745713710785,5.0,78.20948675414547,2.5,0.0016,2.880404801256965,0.3333333333333333,6.184665997806831e-08,0.06167883211678832,0.6666666865348816,10.0,1776511853.5155604,2.164109945297241,169
0.25,1.0,84.82270860671997,169,0.0,269.3333435058594,0.6666666865348816,3.1578125953674316,13510.590875781,0.04940631240606308,3.5,71.30297205294482,1.75,0.002,4.974411863926591,0.3333333333333333,5.8117184955653265e-08,0.06204379562043796,0.5833333730697632,7.0,1776511931.3003197,2.1604552268981934,170
0.5,1.0,84.7575912475586,170,0.0,268.25,1.0,3.6937501430511475,13590.135602573,0.035739246755838394,3.326033592224121,73.03248879383318,2.875,0.0014,3.6704137821139513,0.6666666666666666,5.44967379058161e-08,0.06240875912408759,0.8333333730697632,6.0,1776512010.8451328,1.4298408031463623,171
1.0,1.0,85.14692687988281,171,0.0,305.0,0.6666666865348816,4.072737693786621,13675.205079555,0.031788721680641174,2.528998613357544,78.56234846590087,7.125,0.0013,3.603392189497446,0.6666666666666666,5.0986212119692226e-08,0.06277372262773723,0.75,10.0,1776512095.9145484,1.5122723579406738,172
0.75,1.0,84.21811199188232,172,0.0,236.25,1.0,3.3231120109558105,13758.37875701,0.029983168467879295,1.0825952291488647,76.65719965309836,1.509765625,0.0012,5.924031676730777,0.0,4.758647376699032e-08,0.06313868613138686,0.5833333730697632,2.5,1776512179.0882444,2.569540500640869,173
0.75,1.0,84.62744092941284,173,0.0,285.25,0.6666666865348816,4.519311904907227,13838.123450261,0.04290857911109924,5.040286540985107,73.23254752601497,4.265869140625,0.0017,7.523385147466527,0.3333333333333333,4.429836168227735e-08,0.06350364963503649,0.8333333730697632,10.0,1776512258.8329756,2.1262660026550293,174
0.25,1.0,84.50225257873535,174,0.0,260.0833435058594,0.6666666865348816,4.90000057220459,13914.89808403,0.039760522544384,5.0,70.29151375987567,2.5,0.0016,5.099616277611293,0.6666666666666666,4.112268715800943e-08,0.06386861313868614,0.75,10.0,1776512335.6077542,1.9840686321258545,175
1.0,1.0,84.23927736282349,175,0.0,264.0,0.6666666865348816,4.363151550292969,13990.834179491,0.0388839915394783,0.0,69.41870733699761,10.0,0.0016,31.648517196127788,0.3333333333333333,3.806023374435663e-08,0.06423357664233577,0.6666666865348816,10.0,1776512411.543607,1.1888597011566162,176
0.0,1.0,84.2181248664856,176,0.3333333333333333,227.75,0.6666666865348816,4.450000286102295,14060.991786842,0.050811611115932465,0.0,63.68855251907371,0.0,0.002,3.0806363976430973,0.6666666666666666,3.5111757055874326e-08,0.0645985401459854,0.6666666865348816,0.0,1776512481.7012396,0.9712289571762085,177
0.5,1.0,85.19622802734375,177,0.0,258.0,1.0,5.391666412353516,14140.47642554,0.039175376296043396,2.4494898319244385,72.9868360219989,2.0,0.0016,2.5704664010506906,0.6666666666666666,3.2277984585066364e-08,0.06496350364963503,0.8333333730697632,5.0,1776512561.1859293,0.9824700355529785,178
0.25,1.0,84.73969173431396,178,0.0,298.25,0.6666666865348816,2.539257764816284,14220.212396376,0.029323767870664597,5.0,73.24792403588071,2.5,0.0012,2.8600433797126747,0.3333333333333333,2.955961552288727e-08,0.06532846715328468,0.5,10.0,1776512640.9218862,1.7672536373138428,179
1.0,1.0,85.4426817893982,179,0.0,345.5833435058594,1.0,3.9034042358398438,14306.979891215,0.02784067392349243,2.8659420013427734,80.21800295985304,3.7578125,0.0011,5.391091101012027,1.0,2.695732058622735e-08,0.06569343065693431,1.0,8.0,1776512727.689321,1.1218464374542236,180
0.25,1.0,85.19998025894165,180,0.0,274.5833435058594,1.0,4.095833778381348,14386.523851691,0.042357563972473145,3.5,73.04951761197299,1.75,0.0017,3.4452358334997144,0.3333333333333333,2.4471741852423233e-08,0.06605839416058394,0.6666666865348816,7.0,1776512807.2334373,2.023446559906006,181
1.0,1.0,85.32910108566284,181,0.0,280.5833435058594,1.0,5.112500190734863,14466.703968626,0.0267055444419384,4.330127239227295,73.6486293359194,6.25,0.0011,7.30729238223767,0.6666666666666666,2.2103492600834937e-08,0.06642335766423357,0.8333333730697632,10.0,1776512887.4135067,2.227240562438965,182
1.0,1.0,84.94216728210449,182,0.0,293.8333435058594,0.6666666865348816,4.802734375,14549.835107192,0.029932072386145592,2.593059778213501,76.59971716697328,6.1875,0.0012,3.597446070441486,0.6666666666666666,1.9853157161528468e-08,0.0667883211678832,0.8333333730697632,10.0,1776512970.5443506,1.9217784404754639,183
0.5,1.0,85.55910110473633,183,0.0,320.66668701171875,0.6666666865348816,3.8500001430511475,14634.839208927,0.027422510087490082,2.4494898319244385,78.4889884609729,2.0,0.0011,1.9828510798785652,0.3333333333333333,1.772129077110096e-08,0.06715328467153285,0.5833333730697632,5.0,1776513055.5486424,1.0852073431015015,184
1.0,1.0,85.38849925994873,184,0.0,300.5,1.0,5.321175575256348,14715.695953828,0.032807111740112305,4.160720348358154,74.338623682037,3.72705078125,0.0013,4.579083041165189,0.6666666666666666,1.570841943568446e-08,0.06751824817518248,0.9166666865348816,9.5,1776513136.4054418,2.1666340827941895,185
0.75,1.0,85.7206563949585,185,0.0,267.91668701171875,0.6666666865348816,3.8109376430511475,14798.389256345,0.05546947941184044,2.462214469909668,76.1986294221133,3.125,0.0022,4.053986103073031,0.3333333333333333,1.3815039801161722e-08,0.06788321167883211,0.6666666865348816,6.0,1776513219.0986762,1.1534106731414795,186
1.0,1.0,85.15014219284058,186,0.0,315.16668701171875,1.0,4.71518611907959,14881.699893812,0.047374408692121506,2.5940637588500977,76.78487157495692,8.125,0.0019,19.484304427969217,0.6666666666666666,1.2041619030626282e-08,0.06824817518248175,0.9166666865348816,10.0,1776513302.4094672,1.440222978591919,187
1.0,1.0,84.67076015472412,187,0.0,313.41668701171875,1.0,5.9608893394470215,14964.344318158,0.03548111021518707,3.560314893722534,76.13575485209003,7.12890625,0.0014,3.048894115001918,1.0,1.0388594689117069e-08,0.06861313868613139,1.0,10.0,1776513385.053751,1.7642810344696045,188
1.0,1.0,84.93154954910278,188,0.0,283.25,1.0,3.5696640014648438,15050.417593668,0.04095536097884178,3.604091167449951,79.53949559805915,2.61767578125,0.0016,4.15004995571887,0.6666666666666666,8.856374635655695e-09,0.06897810218978102,0.8333333730697632,8.0,1776513471.1270313,1.9814565181732178,189
1.0,1.0,84.33341932296753,189,0.3333333333333333,277.5833435058594,0.6666666865348816,3.347461223602295,15136.29908918,0.03289998322725296,1.3125523328781128,79.36348586902022,2.759765625,0.0013,5.403737582420877,0.3333333333333333,7.445336922613065e-09,0.06934306569343066,0.5833333730697632,4.5,1776513557.0086546,1.1929986476898193,190
1.0,1.0,84.9690957069397,190,0.0,251.75,1.0,5.245833396911621,15217.973752969,0.05769696459174156,1.6520190238952637,75.23284756904468,7.125,0.0023,3.871832104857161,0.6666666666666666,6.15582970243117e-09,0.06970802919708029,0.75,9.0,1776513638.6832023,1.3253365755081177,191
1.0,1.0,84.84998798370361,191,0.0,303.8333435058594,1.0,4.9279327392578125,15298.688122823,0.030397897586226463,1.5,74.1856104619801,8.75,0.0012,5.465276277805163,1.0,4.988171141721231e-09,0.07007299270072993,1.0,10.0,1776513719.3975663,1.2708983421325684,192
1.0,1.0,85.12223243713379,192,0.0,304.0833435058594,1.0,5.890755653381348,15380.448571737,0.028163377195596695,0.0,75.22926416015252,10.0,0.0011,6.541495394034009,1.0,3.9426493427611175e-09,0.07043795620437956,1.0,10.0,1776513801.157999,0.713274359703064,193
1.0,1.0,85.36437034606934,193,0.0,289.5,1.0,3.4420087337493896,15463.543843038,0.03900754079222679,1.2857590913772583,76.60920649697073,1.96728515625,0.0016,4.622094170447707,0.6666666666666666,3.019522272410202e-09,0.0708029197080292,0.8333333730697632,3.0,1776513884.2532938,1.2300796508789062,194
1.0,1.0,85.34736108779907,194,0.0,326.0,1.0,5.108333587646484,15542.3170363,0.02719563990831375,0.75,72.27188130887225,9.375,0.0011,2.73954260495916,0.6666666666666666,2.2190176984600016e-09,0.07116788321167883,0.75,10.0,1776513963.0265512,1.2966879606246948,195
0.0,1.0,85.0814471244812,195,0.3333333333333333,279.5833435058594,1.0,3.867969036102295,15621.054377898,0.047959666699171066,0.0,72.26390675501898,0.0,0.0019,10.593230123403295,0.6666666666666666,1.541333133436018e-09,0.07153284671532846,0.6666666865348816,0.0,1776514041.7637799,0.8782356977462769,196
1.0,1.0,85.38861989974976,196,0.0,331.66668701171875,1.0,5.140380859375,15705.143816747,0.025971805676817894,1.5545631647109985,77.56759685091674,6.25,0.001,3.124998767692392,1.0,9.866357858642205e-10,0.0718978102189781,1.0,8.0,1776514125.8533747,1.1898422241210938,197
1.0,1.0,84.82229042053223,197,0.0,258.25,1.0,5.975761413574219,15780.854400839,0.05322205275297165,4.932494640350342,69.24104429315776,2.6045684814453125,0.0021,3.061162979664387,1.0,5.550625190150482e-10,0.07226277372262774,1.0,10.0,1776514201.5638711,1.1183969974517822,198
1.0,1.0,84.71638774871826,198,0.0,243.4166717529297,1.0,4.4391279220581055,15857.178368816,0.049826111644506454,1.4819247722625732,69.85643328097649,3.630859375,0.002,11.416678023755146,0.6666666666666666,2.4671981713419997e-10,0.07262773722627737,0.8333333730697632,5.0,1776514277.8878565,1.639217734336853,199
0.75,1.0,85.5826005935669,199,0.0,299.5833435058594,1.0,4.0598063468933105,15938.712179074,0.030133645981550217,4.173327922821045,75.03790279501118,5.25,0.0012,3.948869012680306,0.3333333333333333,6.168375916970614e-11,0.072992700729927,0.8333333730697632,10.0,1776514359.4216528,1.6163519620895386,200
